{ "results": [
	{
        "owningId": "FSxVo4d6KC",
        "relatedId": "cAH7ax1izb"
    },
	{
        "owningId": "FSxVo4d6KC",
        "relatedId": "xfxjNZmkKV"
    },
	{
        "owningId": "WYoJMTe1bB",
        "relatedId": "uj3nRwhmUQ"
    },
	{
        "owningId": "WYoJMTe1bB",
        "relatedId": "A9d05CqoZw"
    },
	{
        "owningId": "PxNlkQXClt",
        "relatedId": "AJ7DCzKXX2"
    },
	{
        "owningId": "gGYc9bZx51",
        "relatedId": "n0cm54MJm0"
    },
	{
        "owningId": "gGYc9bZx51",
        "relatedId": "pTcHQ94CIE"
    },
	{
        "owningId": "nAH0WdUtL6",
        "relatedId": "i95hz4WuT5"
    },
	{
        "owningId": "nAH0WdUtL6",
        "relatedId": "1KxlPplY3H"
    }
] }