{ "results": [
	{
        "createdAt": "2014-07-29T21:35:57.866Z",
        "number": 1,
        "objectId": "FSxVo4d6KC",
        "updatedAt": "2014-07-29T21:35:57.866Z"
    },
	{
        "createdAt": "2014-07-29T21:35:59.879Z",
        "number": 3,
        "objectId": "WYoJMTe1bB",
        "updatedAt": "2014-07-29T21:35:59.879Z"
    },
	{
        "createdAt": "2014-08-09T20:58:09.372Z",
        "number": 1,
        "objectId": "PxNlkQXClt",
        "updatedAt": "2014-08-09T20:59:47.212Z"
    },
	{
        "createdAt": "2014-08-09T20:58:53.225Z",
        "number": 2,
        "objectId": "XMS5MLDEf9",
        "updatedAt": "2014-08-09T20:58:53.626Z"
    },
	{
        "createdAt": "2014-08-10T19:45:45.325Z",
        "number": 0,
        "objectId": "gGYc9bZx51",
        "updatedAt": "2014-08-10T19:46:32.780Z"
    },
	{
        "createdAt": "2014-08-10T19:45:52.591Z",
        "number": 1,
        "objectId": "nAH0WdUtL6",
        "updatedAt": "2014-08-10T19:48:05.687Z"
    }
] }