{ "results": [
	{
        "createdAt": "2014-07-29T21:35:57.274Z",
        "isLibrary": true,
        "name": "Biblioteka Główna Politechniki Poznańskiej",
        "number": 40,
        "objectId": "cAH7ax1izb",
        "updatedAt": "2014-07-29T21:36:02.079Z"
    },
	{
        "createdAt": "2014-07-29T21:35:59.097Z",
        "isLibrary": true,
        "name": "WEiT Library 2",
        "number": 315,
        "objectId": "uj3nRwhmUQ",
        "updatedAt": "2014-07-29T21:36:07.788Z"
    },
	{
        "createdAt": "2014-07-29T21:35:59.658Z",
        "isLibrary": true,
        "name": "WEiT Library 1",
        "number": 305,
        "objectId": "A9d05CqoZw",
        "updatedAt": "2014-07-29T21:36:04.759Z"
    },
	{
        "createdAt": "2014-07-29T21:35:57.476Z",
        "isLibrary": false,
        "name": "Sala Wykładowa CW 10",
        "number": 10,
        "objectId": "xfxjNZmkKV",
        "updatedAt": "2014-08-09T19:13:35.155Z"
    },
	{
        "createdAt": "2014-08-09T20:59:46.770Z",
        "name": "Centrum Komputerowe Politechniki",
        "number": 4,
        "objectId": "AJ7DCzKXX2",
        "updatedAt": "2014-08-09T20:59:47.430Z"
    },
	{
        "createdAt": "2014-08-10T19:46:15.872Z",
        "name": "Office 1",
        "number": 1,
        "objectId": "n0cm54MJm0",
        "updatedAt": "2014-08-10T20:44:51.556Z"
    },
	{
        "createdAt": "2014-08-10T19:46:32.135Z",
        "name": "Office 2",
        "number": 2,
        "objectId": "pTcHQ94CIE",
        "updatedAt": "2014-08-10T20:46:45.622Z"
    },
	{
        "createdAt": "2014-08-10T19:47:36.913Z",
        "name": "Lab 1",
        "number": 101,
        "objectId": "i95hz4WuT5",
        "updatedAt": "2014-08-10T20:44:52.381Z"
    },
	{
        "createdAt": "2014-08-10T19:48:04.945Z",
        "name": "Lab 2",
        "number": 102,
        "objectId": "1KxlPplY3H",
        "updatedAt": "2014-08-10T20:44:52.818Z"
    }
] }