{ "results": [
	{
        "createdAt": "2014-07-29T19:00:51.356Z",
        "degree": "mgr inż.",
        "firstName": "Michał",
        "lastName": "Wojtysiak",
        "objectId": "7b62FxIEEW",
        "studentID": 88579,
        "updatedAt": "2014-07-29T21:36:01.015Z"
    },
	{
        "createdAt": "2014-08-04T20:38:47.956Z",
        "degree": "inż.",
        "firstName": "San",
        "lastName": "Andreas",
        "objectId": "oBNZ8l87a2",
        "studentID": 89005,
        "updatedAt": "2014-08-04T20:38:49.063Z"
    },
	{
        "createdAt": "2014-08-05T13:49:48.736Z",
        "degree": "mgr",
        "firstName": "Student",
        "lastName": "1",
        "objectId": "01fLxBwpmv",
        "studentID": 88001,
        "updatedAt": "2014-08-05T13:49:49.554Z"
    },
	{
        "createdAt": "2014-08-05T13:50:11.040Z",
        "degree": "mgr",
        "firstName": "Student",
        "lastName": "2",
        "objectId": "ru8WJMD6Ap",
        "specialtyOfStudies": {
            "__type": "Pointer",
            "className": "Specialty",
            "objectId": "1BVyDE08BI"
        },
        "studentID": 88002,
        "updatedAt": "2014-08-09T19:15:37.566Z"
    },
	{
        "createdAt": "2014-07-29T19:00:46.507Z",
        "degree": "mgr inż.",
        "firstName": "Maciej",
        "lastName": "Piotrowski",
        "objectId": "Y1Az3KIQpY",
        "specialtyOfStudies": {
            "__type": "Pointer",
            "className": "Specialty",
            "objectId": "1BVyDE08BI"
        },
        "studentID": 88570,
        "updatedAt": "2014-08-09T19:14:57.189Z"
    },
	{
        "createdAt": "2014-07-29T19:00:52.926Z",
        "degree": "mgr inż.",
        "firstName": "Sofiya",
        "lastName": "Kachmar",
        "objectId": "53wP2seYiQ",
        "specialtyOfStudies": {
            "__type": "Pointer",
            "className": "Specialty",
            "objectId": "1BVyDE08BI"
        },
        "studentID": 88599,
        "updatedAt": "2014-08-09T19:15:18.169Z"
    }
] }