{ "results": [
	{
        "owningId": "0e43fu9f1M",
        "relatedId": "4yO3K22BUV"
    },
	{
        "owningId": "0e43fu9f1M",
        "relatedId": "CLCIB2QTNm"
    },
	{
        "owningId": "0e43fu9f1M",
        "relatedId": "4dpnpOXVtx"
    },
	{
        "owningId": "0e43fu9f1M",
        "relatedId": "W6jbKAysIZ"
    },
	{
        "owningId": "0e43fu9f1M",
        "relatedId": "UYjN9Fvlq5"
    },
	{
        "owningId": "0e43fu9f1M",
        "relatedId": "MNtb3eqY7h"
    },
	{
        "owningId": "0e43fu9f1M",
        "relatedId": "1ke3GNku76"
    },
	{
        "owningId": "0e43fu9f1M",
        "relatedId": "ucwnLUuY6t"
    },
	{
        "owningId": "0e43fu9f1M",
        "relatedId": "Z1zsdbWckT"
    },
	{
        "owningId": "0e43fu9f1M",
        "relatedId": "XeBz7bVtU0"
    },
	{
        "owningId": "0e43fu9f1M",
        "relatedId": "8m0GQgx852"
    }
] }