{ "results": [
	{
        "owningId": "NBN51pOAYd",
        "relatedId": "Y1Az3KIQpY"
    },
	{
        "owningId": "JZCYCB9Na0",
        "relatedId": "Y1Az3KIQpY"
    },
	{
        "owningId": "kxKekmayyK",
        "relatedId": "Y1Az3KIQpY"
    },
	{
        "owningId": "ZsvRz9OBTR",
        "relatedId": "Y1Az3KIQpY"
    },
	{
        "owningId": "CrSZHjZ3Ou",
        "relatedId": "ru8WJMD6Ap"
    },
	{
        "owningId": "CrSZHjZ3Ou",
        "relatedId": "01fLxBwpmv"
    },
	{
        "owningId": "kxKekmayyK",
        "relatedId": "53wP2seYiQ"
    },
	{
        "owningId": "kxKekmayyK",
        "relatedId": "oBNZ8l87a2"
    },
	{
        "owningId": "kxKekmayyK",
        "relatedId": "7b62FxIEEW"
    },
	{
        "owningId": "kxKekmayyK",
        "relatedId": "ru8WJMD6Ap"
    },
	{
        "owningId": "kxKekmayyK",
        "relatedId": "01fLxBwpmv"
    },
	{
        "owningId": "wK5EirIL8j",
        "relatedId": "ru8WJMD6Ap"
    },
	{
        "owningId": "wK5EirIL8j",
        "relatedId": "01fLxBwpmv"
    },
	{
        "owningId": "CrSZHjZ3Ou",
        "relatedId": "53wP2seYiQ"
    },
	{
        "owningId": "yAK7lneWYy",
        "relatedId": "oBNZ8l87a2"
    },
	{
        "owningId": "yAK7lneWYy",
        "relatedId": "53wP2seYiQ"
    },
	{
        "owningId": "yAK7lneWYy",
        "relatedId": "Y1Az3KIQpY"
    },
	{
        "owningId": "bJoD9TxKIv",
        "relatedId": "01fLxBwpmv"
    },
	{
        "owningId": "bJoD9TxKIv",
        "relatedId": "ru8WJMD6Ap"
    }
] }