{ "results": [
	{
        "createdAt": "2014-07-29T19:01:16.035Z",
        "objectId": "bJoD9TxKIv",
        "updatedAt": "2014-08-10T14:23:51.330Z"
    },
	{
        "createdAt": "2014-07-29T19:01:20.522Z",
        "objectId": "kxKekmayyK",
        "updatedAt": "2014-08-06T14:09:27.962Z"
    },
	{
        "createdAt": "2014-07-29T19:01:22.320Z",
        "objectId": "ZsvRz9OBTR",
        "updatedAt": "2014-08-10T14:03:26.084Z"
    },
	{
        "createdAt": "2014-07-29T19:01:23.256Z",
        "objectId": "CrSZHjZ3Ou",
        "updatedAt": "2014-08-10T13:33:25.791Z"
    },
	{
        "createdAt": "2014-07-29T19:01:24.744Z",
        "objectId": "wK5EirIL8j",
        "updatedAt": "2014-08-10T13:31:45.857Z"
    },
	{
        "createdAt": "2014-07-29T19:01:26.087Z",
        "objectId": "yAK7lneWYy",
        "updatedAt": "2014-08-10T13:44:09.909Z"
    },
	{
        "createdAt": "2014-07-29T19:01:28.364Z",
        "objectId": "a1bQrsd5e7",
        "updatedAt": "2014-07-29T19:01:28.364Z"
    },
	{
        "createdAt": "2014-07-29T19:01:29.299Z",
        "objectId": "qBCLwWwqS6",
        "updatedAt": "2014-07-29T19:01:29.299Z"
    },
	{
        "createdAt": "2014-07-29T19:01:30.474Z",
        "objectId": "Q55x0q0RRX",
        "updatedAt": "2014-07-29T19:01:30.474Z"
    },
	{
        "createdAt": "2014-07-29T19:01:31.894Z",
        "objectId": "Fipy2XF5IE",
        "updatedAt": "2014-07-29T19:01:31.894Z"
    },
	{
        "createdAt": "2014-07-29T19:01:34.063Z",
        "objectId": "EL1bQOe9Ti",
        "updatedAt": "2014-07-29T19:01:34.063Z"
    },
	{
        "createdAt": "2014-07-29T19:01:35.197Z",
        "objectId": "NBN51pOAYd",
        "updatedAt": "2014-07-29T19:01:35.197Z"
    },
	{
        "createdAt": "2014-07-29T19:01:37.306Z",
        "objectId": "JZCYCB9Na0",
        "updatedAt": "2014-07-29T19:01:37.306Z"
    },
	{
        "createdAt": "2014-07-29T19:01:39.220Z",
        "objectId": "PZ6ZpvFmRw",
        "updatedAt": "2014-07-29T19:01:39.220Z"
    },
	{
        "createdAt": "2014-07-29T19:01:41.878Z",
        "objectId": "HA8QFxyBpx",
        "updatedAt": "2014-07-29T19:01:41.878Z"
    },
	{
        "createdAt": "2014-07-29T19:01:42.752Z",
        "objectId": "eWo47vxjVo",
        "updatedAt": "2014-07-29T19:01:42.752Z"
    },
	{
        "createdAt": "2014-07-29T19:01:43.874Z",
        "objectId": "qStk1LYiDx",
        "updatedAt": "2014-07-29T19:01:43.874Z"
    },
	{
        "createdAt": "2014-07-29T19:01:44.367Z",
        "objectId": "tGIfvY3gjy",
        "updatedAt": "2014-07-29T19:01:44.367Z"
    },
	{
        "createdAt": "2014-07-29T19:01:45.399Z",
        "objectId": "oxan1DnAnw",
        "updatedAt": "2014-07-29T19:01:45.399Z"
    },
	{
        "createdAt": "2014-07-29T19:01:46.013Z",
        "objectId": "GRr40yh3y1",
        "updatedAt": "2014-07-29T19:01:46.013Z"
    },
	{
        "createdAt": "2014-07-29T19:01:47.070Z",
        "objectId": "eqpxUoVWHx",
        "updatedAt": "2014-07-29T19:01:47.070Z"
    },
	{
        "createdAt": "2014-07-29T19:01:48.626Z",
        "objectId": "9NOsc9BwnG",
        "updatedAt": "2014-07-29T19:01:48.626Z"
    },
	{
        "createdAt": "2014-07-29T19:01:49.443Z",
        "objectId": "G7Q4MMpuIN",
        "updatedAt": "2014-07-29T19:01:49.443Z"
    },
	{
        "createdAt": "2014-07-29T19:01:50.590Z",
        "objectId": "6W2cm6su2O",
        "updatedAt": "2014-07-29T19:01:50.590Z"
    },
	{
        "createdAt": "2014-07-29T19:01:51.821Z",
        "objectId": "7WbcKvzZfn",
        "updatedAt": "2014-07-29T19:01:51.821Z"
    },
	{
        "createdAt": "2014-07-29T19:01:53.029Z",
        "objectId": "siG18YLLvf",
        "updatedAt": "2014-07-29T19:01:53.029Z"
    }
] }