{ "results": [
	{
        "createdAt": "2014-07-29T19:00:54.922Z",
        "name": "Computer Networks and Internet Technologies",
        "objectId": "VZxiKFbFBj",
        "updatedAt": "2014-07-29T19:00:54.922Z"
    },
	{
        "createdAt": "2014-07-29T19:00:56.805Z",
        "name": "Telecommunication Systems",
        "objectId": "WBpEMhNN9s",
        "updatedAt": "2014-08-09T18:00:46.389Z"
    },
	{
        "createdAt": "2014-07-29T19:00:57.864Z",
        "name": "Multimedia and Consumer Electronics",
        "objectId": "Za0oWLfL0g",
        "updatedAt": "2014-07-29T19:00:57.864Z"
    },
	{
        "createdAt": "2014-07-29T19:01:07.417Z",
        "name": "Wireless Communications",
        "objectId": "1BVyDE08BI",
        "updatedAt": "2014-08-09T19:15:37.266Z"
    }
] }