{ "results": [
	{
        "author": "Maciej Piotrowski",
        "blob": {
            "__type": "Pointer",
            "className": "Blob",
            "objectId": "DNyxQTCwad"
        },
        "createdAt": "2014-07-29T21:35:57.079Z",
        "objectId": "EFRZOVELU6",
        "title": "Application for Android-based smartphone offering selected eCall services",
        "updatedAt": "2014-07-29T21:36:04.576Z"
    },
	{
        "author": "Jan Kowalski",
        "blob": {
            "__type": "Pointer",
            "className": "Blob",
            "objectId": "P2F6ngye3p"
        },
        "createdAt": "2014-07-29T21:35:58.458Z",
        "objectId": "9hEQ6PfJCG",
        "title": "Elektronika i telekomunikacja Tom II",
        "updatedAt": "2014-08-03T11:29:28.211Z"
    },
	{
        "author": "Jan Kowalski",
        "blob": {
            "__type": "Pointer",
            "className": "Blob",
            "objectId": "GtOc7cFlEv"
        },
        "createdAt": "2014-07-29T21:35:58.909Z",
        "objectId": "YttwbCS3zN",
        "title": "Elektronika i telekomunikacja Tom I",
        "updatedAt": "2014-08-03T11:29:25.348Z"
    },
	{
        "author": "Peter Bishop",
        "blob": {
            "__type": "Pointer",
            "className": "Blob",
            "objectId": "PfdDXmkkAY"
        },
        "createdAt": "2014-08-03T11:29:08.048Z",
        "objectId": "ky4AZMNJ72",
        "title": "My journey to San Francisco",
        "updatedAt": "2014-08-03T11:49:06.748Z"
    }
] }