{ "results": [
	{
        "owningId": "7IkO1VoJRC",
        "relatedId": "FSxVo4d6KC"
    },
	{
        "owningId": "g15HPdKKKh",
        "relatedId": "WYoJMTe1bB"
    },
	{
        "owningId": "g15HPdKKKh",
        "relatedId": "PxNlkQXClt"
    },
	{
        "owningId": "g15HPdKKKh",
        "relatedId": "XMS5MLDEf9"
    },
	{
        "owningId": "shMXXngLvR",
        "relatedId": "gGYc9bZx51"
    },
	{
        "owningId": "shMXXngLvR",
        "relatedId": "nAH0WdUtL6"
    },
	{
        "owningId": "shMXXngLvR",
        "relatedId": "myOH3kMNjr"
    },
	{
        "owningId": "shMXXngLvR",
        "relatedId": "e5sqyBnHtC"
    },
	{
        "owningId": "shMXXngLvR",
        "relatedId": "jHvM2rlImS"
    },
	{
        "owningId": "shMXXngLvR",
        "relatedId": "M79Ju2D4DO"
    },
	{
        "owningId": "shMXXngLvR",
        "relatedId": "s9SxLG0Gn4"
    },
	{
        "owningId": "shMXXngLvR",
        "relatedId": "62dZc9d86I"
    },
	{
        "owningId": "shMXXngLvR",
        "relatedId": "HB9pcYPlWt"
    },
	{
        "owningId": "shMXXngLvR",
        "relatedId": "J9pI0eqAEI"
    },
	{
        "owningId": "shMXXngLvR",
        "relatedId": "hclbH8g9Tv"
    },
	{
        "owningId": "shMXXngLvR",
        "relatedId": "tBd97JzdIf"
    }
] }