{ "results": [
	{
        "owningId": "y8zdHe1FpP",
        "relatedId": "LKTxw2LOet"
    },
	{
        "owningId": "y8zdHe1FpP",
        "relatedId": "s1rZc0TN03"
    },
	{
        "owningId": "y8zdHe1FpP",
        "relatedId": "toRt1zs9GT"
    },
	{
        "owningId": "y8zdHe1FpP",
        "relatedId": "eBT0ZFfn5w"
    },
	{
        "owningId": "y8zdHe1FpP",
        "relatedId": "8vGnUMWjAd"
    },
	{
        "owningId": "y8zdHe1FpP",
        "relatedId": "QYUPZqay38"
    },
	{
        "owningId": "6NKKm2K0Ed",
        "relatedId": "t3sAh9rgEO"
    },
	{
        "owningId": "6NKKm2K0Ed",
        "relatedId": "OY6wmN8u2t"
    },
	{
        "owningId": "6NKKm2K0Ed",
        "relatedId": "8V6Z02W8li"
    },
	{
        "owningId": "6NKKm2K0Ed",
        "relatedId": "0zQRzzDur7"
    },
	{
        "owningId": "6NKKm2K0Ed",
        "relatedId": "JVdmqKWt5O"
    },
	{
        "owningId": "6NKKm2K0Ed",
        "relatedId": "FMufvFMBCM"
    },
	{
        "owningId": "6NKKm2K0Ed",
        "relatedId": "u5lTkUS5BV"
    },
	{
        "owningId": "6NKKm2K0Ed",
        "relatedId": "SVqLSPyWPk"
    },
	{
        "owningId": "8TPIB7wRno",
        "relatedId": "SvXF2jMnwZ"
    },
	{
        "owningId": "8TPIB7wRno",
        "relatedId": "utkNr6AyX3"
    },
	{
        "owningId": "8TPIB7wRno",
        "relatedId": "Bcuo7beAk8"
    },
	{
        "owningId": "8TPIB7wRno",
        "relatedId": "M1RwqIMzEo"
    },
	{
        "owningId": "8TPIB7wRno",
        "relatedId": "SHWOYtHV7G"
    },
	{
        "owningId": "8TPIB7wRno",
        "relatedId": "WSuyb17rNn"
    },
	{
        "owningId": "mvWuIz3ITN",
        "relatedId": "mCqUyE1PMB"
    },
	{
        "owningId": "mvWuIz3ITN",
        "relatedId": "J59YH9Vduk"
    },
	{
        "owningId": "mvWuIz3ITN",
        "relatedId": "H5jkQkakad"
    },
	{
        "owningId": "mvWuIz3ITN",
        "relatedId": "ZOTyZhB5yP"
    },
	{
        "owningId": "mvWuIz3ITN",
        "relatedId": "ZGgLAAoQKZ"
    },
	{
        "owningId": "mvWuIz3ITN",
        "relatedId": "oRykejbL0s"
    }
] }